,,,Boys,,,,,,,,,Girls
Team,Link,Distance,Avg,17-18,,16-17,,15-16,,14-15,,Avg,17-18,,16-17,,15-16,,14-15
,,,,Record,Rank,Record,Rank,Record,Rank,Record,Rank,,Record,Rank,Record,Rank,Record,Rank,Record,Rank
Adams Central (Hastings),"https://www.maxpreps.com/high-schools/adams-central-patriots-(hastings,ne)/basketball/rankings.htm",94.05,,="22-5",2583,="25-5",1471,="16-9",4238,="10-5",2726,,="16-7",3242,="13-9",5178,="10-15",9066,="8-8",7081
Allen,"https://www.maxpreps.com/high-schools/allen-eagles-(allen,ne)/basketball/rankings.htm",147.85,,="3-22",18795,="1-20",17691,="4-16",18283,="4-8",17317,,="12-12",8172,="8-13",11151,="0-21",17746,="2-12",16467
Amherst,"https://www.maxpreps.com/high-schools/amherst-broncos-(amherst,ne)/basketball/rankings.htm",128.8,,="24-4",5652,="27-2",1807,="23-4",3948,="11-5",5559,,="14-10",9393,="12-11",11275,="9-14",13404,="6-11",12227
Ansley/Litchfield (Ansley),"https://www.maxpreps.com/high-schools/ansley-litchfield-spartans-(ansley,ne)/basketball/rankings.htm",147.266666666667,,="10-14",15731,="14-11",12117,="8-11",14396,="7-6",13432,,="14-9",8793,="14-11",9365,="12-7",7571,="13-2",4869
Aquinas (David City),"https://www.maxpreps.com/high-schools/aquinas-monarchs-(david-city,ne)/basketball/rankings.htm",55.1,,="16-11",5139,="10-12",5935,="7-16",8891,="11-4",3599,,="8-14",7505,="9-13",7079,="10-13",6475,="7-8",6407
Archbishop Bergan (Fremont),"https://www.maxpreps.com/high-schools/archbishop-bergan-knights-(fremont,ne)/basketball/rankings.htm",55.2333333333333,,="20-7",2404,="11-14",7501,="6-16",10559,="9-5",5163,,="7-18",11617,="11-12",9088,="15-7",4936,="12-3",3240
Arlington,"https://www.maxpreps.com/high-schools/arlington-eagles-(arlington,ne)/basketball/rankings.htm",67,,="16-7",3739,="6-16",10794,="13-10",5634,="4-12",11678,,="11-11",8164,="7-16",12001,="10-12",9685,="10-8",7033
Ashland-Greenwood (Ashland),"https://www.maxpreps.com/high-schools/ashland-greenwood-bluejays-(ashland,ne)/basketball/rankings.htm",28.5333333333333,,="13-11",7706,="5-18",11812,="0-20",15748,="2-11",15443,,="4-18",12081,="4-16",14062,="4-19",14566,="3-13",13403
Auburn,"https://www.maxpreps.com/high-schools/auburn-bulldogs-(auburn,ne)/basketball/rankings.htm",78.15,,="6-18",13268,="8-15",9943,="13-11",8173,="8-7",7286,,="10-15",10748,="19-6",5756,="20-5",3843,="12-3",1713
Aurora,"https://www.maxpreps.com/high-schools/aurora-huskies-(aurora,ne)/basketball/rankings.htm",63.1333333333333,,="21-8",2919,="25-2",746,="25-2",478,="12-2",691,,="11-14",5167,="19-7",2499,="15-9",3065,="10-5",4004
Axtell,"https://www.maxpreps.com/high-schools/axtell-wildcats-(axtell,ne)/basketball/rankings.htm",124.016666666667,,="16-6",11163,="22-5",5441,="3-20",18495,="3-12",16817,,="20-6",6266,="19-7",6959,="19-5",6885,="8-7",10579
Bancroft-Rosalie/Lyons-Decatur Northeast (Bancroft),"https://www.maxpreps.com/high-schools/bancroft-rosalie-lyons-decatur-northeast-(bancroft,ne)/basketball/rankings.htm",105.133333333333,, ,, ,,="15-11",7923,="15-1",2433,, ,, ,,="16-9",4609,="13-4",3178
Battle Creek,"https://www.maxpreps.com/high-schools/battle-creek-braves-(battle-creek,ne)/basketball/rankings.htm",136.516666666667,,="23-9",3176,="19-8",2628,="12-15",7341,="11-5",4692,,="8-16",7330,="9-17",8499,="12-13",6212,="4-13",10791
Beatrice,"https://www.maxpreps.com/high-schools/beatrice-orangemen-(beatrice,ne)/basketball/rankings.htm",45.15,,="22-2",629,="21-3",652,="17-6",1202,="7-7",4645,,="16-8",1863,="13-9",3811,="14-9",3759,="7-6",4925
Bellevue East (Bellevue),"https://www.maxpreps.com/high-schools/bellevue-east-chieftains-(bellevue,ne)/basketball/rankings.htm",57.35,,="2-22",5413,="0-23",14634,="8-15",6820,="7-7",5587,,="6-18",6804,="8-15",7855,="4-19",13336,="1-14",14999
Bellevue West (Bellevue),"https://www.maxpreps.com/high-schools/bellevue-west-thunderbirds-(bellevue,ne)/basketball/rankings.htm",57.35,,="20-7",87,="12-11",4846,="17-8",1706,="10-5",2401,,="21-7",1100,="19-7",1959,="16-7",3975,="7-7",5090
Bennington,"https://www.maxpreps.com/high-schools/bennington-badgers-(bennington,ne)/basketball/rankings.htm",61.1833333333333,,="18-6",1045,="20-5",1061,="15-11",2820,="11-3",612,,="6-18",8630,="5-18",10637,="5-18",11239,="8-8",6664
Benson (Omaha),"https://www.maxpreps.com/high-schools/benson-bunnies-(omaha,ne)/basketball/rankings.htm",54.8666666666667,,="3-20",4389,="4-18",11402,="4-18",7768,="0-13",16099,,="26-1",192,="6-16",9729,="8-15",9868,="7-7",6161
Bertrand,"https://www.maxpreps.com/high-schools/bertrand-vikings-(bertrand,ne)/basketball/rankings.htm",148.933333333333,,="17-8",9273,="13-6",8569,="11-11",12704,="6-7",13346,,="18-6",5849,="15-4",6639,="8-12",13332,="6-6",11250
Bishop Neumann (Wahoo),"https://www.maxpreps.com/high-schools/bishop-neumann-cavaliers-(wahoo,ne)/basketball/rankings.htm",32.2666666666667,,="24-5",1001,="26-2",177,="26-3",200,="8-7",2817,,="17-7",1619,="20-6",1523,="22-4",285,="13-2",332
Blair,"https://www.maxpreps.com/high-schools/blair-bears-(blair,ne)/basketball/rankings.htm",72.0333333333333,,="9-15",6305,="2-20",12520,="7-16",7549,="10-4",2295,,="8-14",7698,="2-18",13305,="9-14",8577,="8-6",6423
Blue Hill,"https://www.maxpreps.com/high-schools/blue-hill-bobcats-(blue-hill,ne)/basketball/rankings.htm",130.633333333333,,="10-14",14765,="15-9",9376,="9-15",16158,="9-6",10422,,="23-4",2811,="14-8",8107,="19-5",4459,="10-5",4500
Boone Central/Newman Grove (Albion),"https://www.maxpreps.com/high-schools/boone-central-newman-grove-cardinals-(albion,ne)/basketball/rankings.htm",123,,="12-9",4434,="15-8",3069,="15-9",4608,="11-4",3405,,="9-14",5470,="4-18",11020,="12-13",4685,="3-12",10410
Boys Town,"https://www.maxpreps.com/high-schools/boys-town-cowboys-(boys-town,ne)/basketball/rankings.htm",50.9,,="15-11",3732,="15-9",2898,="20-7",1152,="6-5",3991,,="5-16",13079,="8-14",14696,="5-19",17220,="0-13",17310
Brownell Talbot (Omaha),"https://www.maxpreps.com/high-schools/brownell-talbot-raiders-(omaha,ne)/basketball/rankings.htm",54.8666666666667,,="9-13",13125,="8-15",13433,="8-15",15604,="4-8",14024,,="6-16",13088,="1-19",16477,="3-15",17316,="9-6",11729
Bruning-Davenport/Shickley (Bruning),"https://www.maxpreps.com/high-schools/bruning-davenport-shickley-eagles-(bruning,ne)/basketball/rankings.htm",79.1333333333333,,="25-3",4832,="23-5",3514,="20-5",5755,="12-4",4406,,="16-6",5534,="19-7",4208,="16-7",5241,="14-2",1932
Bryan (Omaha),"https://www.maxpreps.com/high-schools/bryan-bears-(omaha,ne)/basketball/rankings.htm",54.8666666666667,,="1-22-1",7752,="3-20",12306,="10-13",5337,="15-3",1821,,="0-24",11770,="0-24",14854,="3-20",13693,="1-13",14891
Burke (Omaha),"https://www.maxpreps.com/high-schools/burke-bulldogs-(omaha,ne)/basketball/rankings.htm",54.8666666666667,,="13-11",800,="12-12",3859,="15-9",1681,="13-4",1548,,="9-15",5709,="7-16",8507,="8-15",9626,="5-10",9345
Cedar Bluffs,"https://www.maxpreps.com/high-schools/cedar-bluffs-wildcats-(cedar-bluffs,ne)/basketball/rankings.htm",48.6333333333333,,="14-8",11058,="13-11",10623,="4-16",17921,="1-14",18542,,="14-10",10726,="14-10",12315,="13-8",13732,="6-12",15706
Centennial (Utica),"https://www.maxpreps.com/high-schools/centennial-broncos-(utica,ne)/basketball/rankings.htm",37.2333333333333,,="8-13",13881,="9-13",11227,="22-4",3266,="13-2",3025,,="3-16",12436,="3-20",14857,="7-17",13352,="11-5",6205
Central City,"https://www.maxpreps.com/high-schools/central-city-bison-(central-city,ne)/basketball/rankings.htm",84.3666666666667,,="9-15",12769,="8-13",12553,="9-14",10950,="6-11",8648,,="19-7",3106,="16-10",5439,="15-9",4739,="2-15",13946
Central Valley (Greeley),"https://www.maxpreps.com/high-schools/central-valley-cougars-(greeley,ne)/basketball/rankings.htm",136.4,,="2-17",18568,="9-10",12153,="7-16",16468,="8-5",11325,,="6-13",10895,="4-15",14421,="12-11",10522,="8-5",8425
Centura (Cairo),"https://www.maxpreps.com/high-schools/centura-centurions-(cairo,ne)/basketball/rankings.htm",99.6666666666667,,="5-19",12520,="11-9",8224,="13-11",7830,="8-4",5584,,="18-8",2956,="13-9",4375,="7-17",10549,="8-5",6206
Clarkson/Leigh (Clarkson),"https://www.maxpreps.com/high-schools/clarkson-leigh-patriots-(clarkson,ne)/basketball/rankings.htm",97.1666666666667,,="14-11",10396,="4-20",15153,="3-20",16931,="2-13",16670,,="8-16",9356,="4-19",12298,="9-13",8877,="11-5",4455
College View Academy (Lincoln),"https://www.maxpreps.com/high-schools/college-view-academy-eagles-(lincoln,ne)/basketball/rankings.htm",0,,="7-9",15737,="7-10",15161,="3-12",18646,="5-6",17186,,="6-11",13164,="2-15",16457,="6-10",16109,="5-5",15445
Columbus,"https://www.maxpreps.com/high-schools/columbus-discoverers-(columbus,ne)/basketball/rankings.htm",82.1333333333333,,="8-16",6507,="8-16",7353,="12-10",3462,="8-7",5038,,="12-12",3538,="8-14",6888,="4-18",11646,="4-11",9185
Concordia (Omaha),"https://www.maxpreps.com/high-schools/concordia-mustangs-(omaha,ne)/basketball/rankings.htm",54.8666666666667,,="11-13",8577,="11-13",6563,="8-14",8051,="10-4",1914,,="18-6",3380,="7-15",9201,="11-11",5887,="9-5",4197
Conestoga (Murray),"https://www.maxpreps.com/high-schools/conestoga-cougars-(murray,ne)/basketball/rankings.htm",55.2,,="5-17",15687,="11-13",9518,="9-12",13887,="2-13",16885,,="7-17",11804,="14-10",8909,="12-10",8989,="12-3",3468
Cornerstone Christian School (Bellevue),"https://www.maxpreps.com/high-schools/cornerstone-christian-school-cougars-(bellevue,ne)/basketball/rankings.htm",57.35,, ,,="0-12",17533,="2-11",18844,="1-6",18583,, ,, ,, ,,="1-7",17647
Creighton Prep (Omaha),"https://www.maxpreps.com/high-schools/creighton-prep-junior-jays-(omaha,ne)/basketball/rankings.htm",54.8666666666667,,="27-2",12,="24-4",710,="21-4",713,="14-1",546,, ,, ,, ,, ,
Crete,"https://www.maxpreps.com/high-schools/crete-cardinals-(crete,ne)/basketball/rankings.htm",31.65,,="16-9",1870,="16-7",2138,="16-9",2303,="11-5",1889,,="10-11",4807,="11-12",5192,="14-11",3217,="8-7",3666
Cross County (Stromsburg),"https://www.maxpreps.com/high-schools/cross-county-cougars-(stromsburg,ne)/basketball/rankings.htm",64.6833333333333,,="14-10",8751,="20-5",5292,="19-7",8233,="8-8",11994,,="6-16",10920,="4-16",13897,="11-11",9426,="9-7",7934
David City,"https://www.maxpreps.com/high-schools/david-city-scouts-(david-city,ne)/basketball/rankings.htm",55.1,,="10-14",12434,="1-21",16422,="6-15",14834,="6-8",12820,,="13-11",7774,="6-16",13258,="2-19",16599,="6-10",11368
Deshler,"https://www.maxpreps.com/high-schools/deshler-dragons-(deshler,ne)/basketball/rankings.htm",100.316666666667,,="18-7",9857,="15-8",9755,="15-8",12028,="10-2",6831,,="14-8",7824,="10-12",10680,="10-11",11068,="9-4",7207
Diller-Odell (Odell),"https://www.maxpreps.com/high-schools/diller-odell-griffin-(odell,ne)/basketball/rankings.htm",67.1666666666667,,="14-12",11597,="11-13",12744,="10-15",13650,="7-8",9494,,="14-8",5021,="15-9",5430,="22-5",2164,="6-9",10401
Doniphan-Trumbull (Doniphan),"https://www.maxpreps.com/high-schools/doniphan-trumbull-cardinals-(doniphan,ne)/basketball/rankings.htm",80.1666666666667,,="8-14",11121,="11-14",10968,="17-8",5198,="9-6",5511,,="7-17",10756,="6-17",11393,="8-14",8587,="11-5",3510
Dorchester,"https://www.maxpreps.com/high-schools/dorchester-longhorns-(dorchester,ne)/basketball/rankings.htm",37.7166666666667,,="10-12",15020,="2-20",17504,="1-20",19154,="1-14",18731,,="3-18",12841,="12-11",9517,="11-13",10831,="7-9",12077
Douglas County West (Valley),"https://www.maxpreps.com/high-schools/douglas-county-west-falcon-(valley,ne)/basketball/rankings.htm",56.55,,="9-15",11659,="11-11",8189,="17-7",4891,="7-8",8800,,="3-20",13000,="2-19",15352,="2-20",17078,="2-13",15858
East Butler (Brainard),"https://www.maxpreps.com/high-schools/east-butler-tigers-(brainard,ne)/basketball/rankings.htm",46.4166666666667,,="3-20",17497,="5-18",15925,="16-9",12030,="11-5",8890,,="12-11",9310,="6-16",13853,="5-16",16343,="5-12",13415
Elba,"https://www.maxpreps.com/high-schools/elba-bluejays-(elba,ne)/basketball/rankings.htm",121.05,, ,,="0-16",17829,="0-15",19306,="1-14",19105,, ,,="1-15",16432,="0-14",18054,="1-16",17614
Elgin/Pope John (Elgin),"https://www.maxpreps.com/high-schools/elgin-pope-john-wolfpack-(elgin,ne)/basketball/rankings.htm",149.733333333333,,="7-15",14404,="11-12",10724,="6-16",15918,="2-12",18245,,="18-8",4391,="19-8",4398,="19-5",3627,="13-3",4492
Elkhorn,"https://www.maxpreps.com/high-schools/elkhorn-antlers-(elkhorn,ne)/basketball/rankings.htm",56.1333333333333,,="6-17",7051,="10-12",5220,="15-9",1950,="5-10",8499,,="18-7",1945,="17-8",2484,="19-6",1686,="14-2",1309
Elkhorn South (Omaha),"https://www.maxpreps.com/high-schools/elkhorn-south-storm-(elkhorn,ne)/basketball/rankings.htm",56.1333333333333,,="21-5",424,="12-10",3628,="18-7",1219,="8-7",5629,,="19-6",1332,="23-5",578,="22-3",868,="6-10",6524
Elkhorn Valley (Tilden),"https://www.maxpreps.com/high-schools/elkhorn-valley-falcons-(tilden,ne)/basketball/rankings.htm",149.283333333333,,="4-18",17737,="1-21",17287,="4-18",18149,="4-12",17746,,="2-20",12671,="11-12",10882,="16-8",6557,="12-4",5935
Elm Creek,"https://www.maxpreps.com/high-schools/elm-creek-buffaloes-(elm-creek,ne)/basketball/rankings.htm",124.633333333333,,="14-10",9998,="13-10",10466,="17-7",7720,="11-4",7495,,="15-8",8068,="21-5",5608,="23-3",3987,="13-2",3866
Elmwood-Murdock (Murdock),"https://www.maxpreps.com/high-schools/elmwood-murdock-knights-(murdock,ne)/basketball/rankings.htm",37.15,,="13-13",8427,="24-5",1182,="24-5",1959,="14-1",1099,,="19-6",4387,="13-11",9639,="15-10",7041,="10-7",4980
Emerson-Hubbard (Emerson),"https://www.maxpreps.com/high-schools/emerson-hubbard-pirates-(emerson,ne)/basketball/rankings.htm",128.8,,="6-18",16334,="8-14",13052,="2-21",17635,="1-14",17067,,="23-4",1414,="28-1",566,="9-14",12605,="4-13",14932
Exeter-Milligan (Exeter),"https://www.maxpreps.com/high-schools/exeter-milligan-timberwolves-(exeter,ne)/basketball/rankings.htm",52.9833333333333,,="21-7",5913,="11-12",13986,="12-11",13707,="12-3",5329,,="14-8",5136,="17-5",4780,="19-8",5646,="13-4",3839
Fairbury,"https://www.maxpreps.com/high-schools/fairbury-jeffs-(fairbury,ne)/basketball/rankings.htm",76.0666666666667,,="4-18",15491,="11-13",8555,="9-14",10681,="4-12",12939,,="13-12",6499,="5-17",12801,="6-17",11578,="7-9",8369
Falls City,"https://www.maxpreps.com/high-schools/falls-city-tigers-(falls-city,ne)/basketball/rankings.htm",115.35,,="22-4",2916,="12-9",5523,="14-10",4930,="9-10",7221,,="12-13",9203,="8-13",10969,="7-15",12944,="6-11",11035
Fillmore Central (Geneva),"https://www.maxpreps.com/high-schools/fillmore-central-panthers-(geneva,ne)/basketball/rankings.htm",66.5166666666667,,="11-12",11210,="21-3",3617,="16-9",6143,="3-11",14223,,="7-17",10717,="11-12",9064,="10-12",8789,="8-7",6281
Fort Calhoun,"https://www.maxpreps.com/high-schools/fort-calhoun-pioneers-(fort-calhoun,ne)/basketball/rankings.htm",65.9166666666667,,="17-6",4492,="17-7",3566,="6-16",12492,="4-12",13150,,="10-13",8778,="13-10",6116,="16-8",4826,="1-14",15250
Franklin,"https://www.maxpreps.com/high-schools/franklin-flyers-(franklin,ne)/basketball/rankings.htm",149.15,,="0-19",19801,="5-15",16859,="4-15",18814,="1-11",18139,,="2-18",13109,="1-18",15956,="10-10",11676,="6-7",10272
Freeman (Adams),"https://www.maxpreps.com/high-schools/freeman-falcons-(adams,ne)/basketball/rankings.htm",41.55,,="28-3",3395,="13-10",7082,="15-10",8726,="13-4",2160,,="24-4",2138,="16-9",6113,="11-14",11456,="6-10",10152
Fremont,"https://www.maxpreps.com/high-schools/fremont-tigers-(fremont,ne)/basketball/rankings.htm",55.2333333333333,,="10-14",1684,="25-3",687,="9-15",7765,="4-10",10886,,="18-9",900,="21-7",1308,="6-20",10897,="12-4",1637
Friend,"https://www.maxpreps.com/high-schools/friend-bulldogs-(friend,ne)/basketball/rankings.htm",43.65,,="8-16",15390,="6-16",15770,="13-12",12070,="7-9",11625,,="23-6",2906,="23-4",1879,="18-8",3906,="14-3",2967
Fullerton,"https://www.maxpreps.com/high-schools/fullerton-warriors-(fullerton,ne)/basketball/rankings.htm",104.866666666667,,="14-9",10055,="9-14",12682,="11-12",13189,="10-4",6582,,="21-5",2826,="26-2",1373,="11-13",10260,="3-11",13129
Gibbon,"https://www.maxpreps.com/high-schools/gibbon-buffaloes-(gibbon,ne)/basketball/rankings.htm",101.066666666667,,="9-15",12838,="9-15",13274,="8-15",14115,="3-13",15152,,="2-20",12953,="2-19",15384,="6-17",13443,="9-8",8693
Giltner,"https://www.maxpreps.com/high-schools/giltner-hornets-(giltner,ne)/basketball/rankings.htm",70.6833333333333,,="13-10",12163,="15-9",9650,="18-7",9933,="10-4",7232,,="21-5",4199,="4-17",14745,="8-13",14136,="10-6",8555
Grand Island,"https://www.maxpreps.com/high-schools/grand-island-islanders-(grand-island,ne)/basketball/rankings.htm",85.7,,="10-13",1580,="4-21",11939,="7-17",7621,="9-6",4445,,="9-15",5323,="2-23",12276,="7-17",11045,="2-12",11894
Grand Island Central Catholic (Grand Island),"https://www.maxpreps.com/high-schools/grand-island-central-catholic-crusaders-(grand-island,ne)/basketball/rankings.htm",85.7,,="25-6",1341,="13-13",4944,="13-11",4620,="13-2",1078,,="7-16",7997,="10-12",5735,="11-9",4005,="11-5",2378
Gretna,"https://www.maxpreps.com/high-schools/gretna-dragons-(gretna,ne)/basketball/rankings.htm",36.1333333333333,,="25-3",680,="27-1",164,="27-2",132,="12-2",303,,="15-8",2226,="17-8",1651,="18-7",1661,="11-3",1406
Gross Catholic (Omaha),"https://www.maxpreps.com/high-schools/gross-catholic-cougars-(omaha,ne)/basketball/rankings.htm",54.8666666666667,,="7-17-1",8462,="13-13",4957,="7-19",8302,="6-10",5364,,="18-10",1905,="7-17",9434,="8-16",8600,="8-7",4877
Guardian Angels Central Catholic (West Point),"https://www.maxpreps.com/high-schools/guardian-angels-central-catholic-bluejays-(west-point,ne)/basketball/rankings.htm",91.7666666666667,,="10-15",7482,="16-9",2889,="16-14",5761,="3-12",13590,,="24-4",357,="28-2",313,="24-2",325,="11-5",3118
Hampton,"https://www.maxpreps.com/high-schools/hampton-hawks-(hampton,ne)/basketball/rankings.htm",59.9333333333333,,="2-19",18531,="5-17",16620,="5-16",18066,="5-10",15533,,="20-5",4668,="20-5",4711,="21-4",4916,="4-11",14573
Harvard,"https://www.maxpreps.com/high-schools/harvard-cardinals-(harvard,ne)/basketball/rankings.htm",84.4333333333333,,="4-21",18209,="6-16",16381,="8-15",17414,="10-5",10847,,="8-15",11462,="6-18",15065,="6-16",15538,="2-14",16708
Hastings,"https://www.maxpreps.com/high-schools/hastings-tigers-(hastings,ne)/basketball/rankings.htm",94.05,,="9-14",5650,="9-13",6144,="9-15",6429,="6-9",7007,,="13-12",4021,="17-7",2679,="9-15",8636,="9-4",3574
Heartland (Henderson),"https://www.maxpreps.com/high-schools/heartland-huskies-(henderson,ne)/basketball/rankings.htm",55.2166666666667,,="24-5",5357,="14-10",7885,="14-9",8483,="13-0",2820,,="9-15",10471,="14-8",5793,="22-6",4087,="11-3",4614
Heartland Lutheran (Grand Island),"https://www.maxpreps.com/high-schools/heartland-lutheran-red-hornets-(grand-island,ne)/basketball/rankings.htm",85.7,,="14-10",11983,="16-9",8886,="14-9",12195,="4-11",15918,,="9-13",9934,="13-11",10349,="5-17",15758,="6-9",13366
High Plains (Polk),"https://www.maxpreps.com/high-schools/high-plains-storm-(polk,ne)/basketball/rankings.htm",73.2666666666667,,="26-2",2426,="23-4",3233,="3-16",18637,="0-14",18400,,="10-12",9448,="6-15",14235,="2-17",17341,="4-10",14905
Holdrege,"https://www.maxpreps.com/high-schools/holdrege-dusters-(holdrege,ne)/basketball/rankings.htm",138.216666666667,,="8-16",10986,="9-14",9302,="12-11",4883,="5-9",10868,,="15-8",3631,="8-15",9760,="9-13",7174,="2-13",14090
Homer,"https://www.maxpreps.com/high-schools/homer-knights-(homer,ne)/basketball/rankings.htm",123.7,,="12-11",11877,="3-19",15399,="1-20",17500,="5-11",13728,,="12-10",4061,="6-15",10953,="9-14",10392,="6-10",11412
Howells-Dodge (Howells),"https://www.maxpreps.com/high-schools/howells-dodge-jaguars-(howells,ne)/basketball/rankings.htm",91.3,,="8-16",12109,="9-16",10500,="10-13",11182,="9-7",6155,,="22-7",2419,="21-7",1731,="25-3",443,="9-8",4967
Humboldt-Table Rock-Steinauer (Humboldt),"https://www.maxpreps.com/high-schools/humboldt-table-rock-steinauer-titans-(humboldt,ne)/basketball/rankings.htm",94.2666666666667,,="16-11",11172,="16-10",6630,="9-14",13185,="5-11",13051,,="7-16",11652,="6-17",12951,="4-18",15943,="6-11",13905
Humphrey/Lindsay Holy Family (Humphrey),"https://www.maxpreps.com/high-schools/humphrey-holy-family-(humphrey,ne)/basketball/rankings.htm",105.866666666667,,="11-13",12486,="15-8",7340,="18-5",5528,="9-7",8804,,="11-13",7659,="16-8",3680,="17-5",3912,="14-3",3865
Johnson County Central (Tecumseh),"https://www.maxpreps.com/high-schools/johnson-county-central-thunderbirds-(tecumseh,ne)/basketball/rankings.htm",66.0333333333333,,="18-7",6170,="17-6",3151,="2-19",17054,="7-8",9321,,="5-17",12654,="3-19",15730,="4-18",16763,="2-13",16731
Johnson-Brock (Johnson),"https://www.maxpreps.com/high-schools/johnson-brock-eagles-(johnson,ne)/basketball/rankings.htm",74.0333333333333,,="7-12",14486,="11-12",8340,="17-7",3726,="13-3",2317,,="10-12",9602,="8-15",12027,="12-11",9667,="10-6",7883
Kearney,"https://www.maxpreps.com/high-schools/kearney-bearcats-(kearney,ne)/basketball/rankings.htm",111.616666666667,,="11-13",2241,="16-8",2810,="22-5",606,="11-5",2561,,="20-7",1061,="16-9",2936,="16-10",5255,="8-8",5561
Kearney Catholic (Kearney),"https://www.maxpreps.com/high-schools/kearney-catholic-stars-(kearney,ne)/basketball/rankings.htm",111.616666666667,,="15-10",5849,="17-9",5000,="21-6",2221,="2-14",13331,,="26-3",558,="28-1",328,="29-1",323,="11-7",4502
Kenesaw,"https://www.maxpreps.com/high-schools/kenesaw-blue-devils-(kenesaw,ne)/basketball/rankings.htm",115.25,,="16-9",11548,="20-6",6718,="18-6",9515,="16-0",2125,,="8-13",10100,="19-9",7778,="6-16",15402,="9-8",10344
Lakeview (Columbus),"https://www.maxpreps.com/high-schools/lakeview-vikings-(columbus,ne)/basketball/rankings.htm",82.1333333333333,,="6-17",11082,="9-15",9067,="2-24",14546,="3-12",12792,,="7-13",8645,="11-12",7765,="10-15",8533,="8-7",7659
Lawrence-Nelson (Nelson),"https://www.maxpreps.com/high-schools/lawrence-nelson-raiders-(nelson,ne)/basketball/rankings.htm",112.2,,="8-15",17069,="13-11",12642,="16-8",12935,="7-8",13522,,="10-15",9846,="18-7",6367,="10-15",12563,="8-8",8868
Lewiston,"https://www.maxpreps.com/high-schools/lewiston-tigers-(lewiston,ne)/basketball/rankings.htm",68.5833333333333,,="0-22",18342,="12-13",10474,="11-13",14210,="5-10",15717,,="4-18",12872,="7-15",14045,="7-17",15072,="2-13",16521
Lexington,"https://www.maxpreps.com/high-schools/lexington-minutemen-(lexington,ne)/basketball/rankings.htm",141.016666666667,,="8-18",9688,="8-18",8988,="8-16",7091,="10-7",4763,,="9-16",8121,="11-14",8043,="3-21",14086,="3-15",14194
Lincoln,"https://www.maxpreps.com/high-schools/lincoln-links-(lincoln,ne)/basketball/rankings.htm",0,,="19-5",666,="4-20",12426,="6-18",9409,="9-7",3855,,="3-23",9678,="5-19",11272,="10-14",9526,="9-6",4020
Lincoln Christian (Lincoln),"https://www.maxpreps.com/high-schools/lincoln-christian-crusaders-(lincoln,ne)/basketball/rankings.htm",0,,="11-15",7197,="7-17",8770,="11-11",4028,="11-4",2058,,="24-5",703,="25-2",288,="28-2",57,="13-4",677
Lincoln East (Lincoln),"https://www.maxpreps.com/high-schools/lincoln-east-spartans-(lincoln,ne)/basketball/rankings.htm",0,,="11-13",1897,="19-6",2151,="18-7",1673,="15-0",453,,="12-12",3483,="23-5",929,="19-7",3549,="12-3",1235
Lincoln Lutheran (Lincoln),"https://www.maxpreps.com/high-schools/lincoln-lutheran-warriors-(lincoln,ne)/basketball/rankings.htm",0,,="14-11",7432,="17-9",2802,="12-11",4535,="7-8",5674,,="11-14",6087,="12-10",4747,="11-12",4724,="12-3",1047
Lincoln Northeast (Lincoln),"https://www.maxpreps.com/high-schools/lincoln-northeast-rockets-(lincoln,ne)/basketball/rankings.htm",0,,="21-6",208,="16-10",2495,="14-11",2429,="0-16",16250,,="26-2",216,="14-11",3932,="24-3",1680,="11-4",2075
Lincoln Southeast (Lincoln),"https://www.maxpreps.com/high-schools/lincoln-southeast-knights-(lincoln,ne)/basketball/rankings.htm",0,,="7-18",1753,="13-13",4494,="11-14",5313,="3-14",12341,,="8-17",6371,="12-12",4912,="16-9",4544,="7-9",7579
Lincoln Southwest (Lincoln),"https://www.maxpreps.com/high-schools/lincoln-southwest-silver-hawks-(lincoln,ne)/basketball/rankings.htm",0,,="4-20",3271,="7-18",9666,="8-16",7882,="11-5",3552,,="15-13",3711,="12-12",6616,="23-5",1879,="10-6",2898
Logan View/Scribner-Snyder (Hooper),"https://www.maxpreps.com/high-schools/logan-view-scribner-snyder-(hooper,ne)/basketball/rankings.htm",71.8333333333333,, ,,="15-10",5846,="18-6",3369,="14-2",1793,, ,,="4-19",13547,="6-16",13400,="4-12",13234
Loomis,"https://www.maxpreps.com/high-schools/loomis-wolves-(loomis,ne)/basketball/rankings.htm",146.35,,="5-17",17028,="13-9",10736,="12-11",14213,="11-4",7242,,="6-14",12055,="11-9",10281,="12-10",12055,="8-8",11132
Louisville,"https://www.maxpreps.com/high-schools/louisville-lions-(louisville,ne)/basketball/rankings.htm",38.6833333333333,,="8-17",12726,="16-11",5690,="19-7",4184,="8-8",9479,,="14-12",8096,="24-5",2253,="23-3",1134,="13-4",3652
Lourdes Central Catholic (Nebraska City),"https://www.maxpreps.com/high-schools/lourdes-central-catholic-knights-(nebraska-city,ne)/basketball/rankings.htm",59.55,,="20-7",6960,="25-5",1263,="24-5",2211,="6-5",5539,,="14-8",6677,="10-15",10682,="18-8",5753,="8-7",7237
Lutheran-Northeast (Norfolk),"https://www.maxpreps.com/high-schools/lutheran-northeast-eagles-(norfolk,ne)/basketball/rankings.htm",129.116666666667,,="11-14",8915,="14-7",3372,="21-5",2355,="12-3",2380,,="2-22",10975,="7-13",10007,="5-16",12680,="9-8",7113
Madison,"https://www.maxpreps.com/high-schools/madison-dragons-(madison,ne)/basketball/rankings.htm",113.683333333333,,="8-15",13598,="10-13",10378,="7-15",13678,="5-10",14639,,="4-18",12150,="1-20",14814,="3-19",15918,="4-14",14579
Malcolm,"https://www.maxpreps.com/high-schools/malcolm-clippers-(malcolm,ne)/basketball/rankings.htm",15.5833333333333,,="8-15",14528,="9-14",9967,="11-13",10995,="4-14",15193,,="17-8",5604,="20-4",3695,="22-4",2459,="15-2",1597
McCool Junction,"https://www.maxpreps.com/high-schools/mccool-junction-mustangs-(mccool-junction,ne)/basketball/rankings.htm",50.3333333333333,,="8-13",14234,="4-17",16901,="8-15",17158,="9-6",11043,,="1-19",13416,="1-20",16118,="10-12",13203,="9-7",9743
Mead,"https://www.maxpreps.com/high-schools/mead-raiders-(mead,ne)/basketball/rankings.htm",41.5333333333333,,="21-4",5662,="25-4",1431,="19-7",4819,="7-7",10459,,="14-11",9478,="13-11",10383,="5-14",16558,="8-5",11599
Meridian (Daykin),"https://www.maxpreps.com/high-schools/meridian-mustangs-(daykin,ne)/basketball/rankings.htm",74.0666666666667,,="3-21",17206,="0-22",17651,="1-21",19115,="1-14",17878,,="11-14",8278,="11-12",9779,="20-7",3720,="14-2",2771
Milford,"https://www.maxpreps.com/high-schools/milford-eagles-(milford,ne)/basketball/rankings.htm",24.1166666666667,,="19-5",4786,="18-6",3417,="18-6",3196,="11-4",4617,,="2-17",12906,="3-17",14676,="10-11",9927,="11-5",3742
Millard North (Omaha),"https://www.maxpreps.com/high-schools/millard-north-mustangs-(omaha,ne)/basketball/rankings.htm",54.8666666666667,,="8-15",1373,="8-15",7872,="13-10",3147,="6-9",4739,,="13-12",3189,="17-7",2772,="14-10",4336,="13-2",864
Millard South (Omaha),"https://www.maxpreps.com/high-schools/millard-south-patriots-(omaha,ne)/basketball/rankings.htm",54.8666666666667,,="10-13",1829,="15-9",3445,="13-12",2717,="10-3",2452,,="13-11",2705,="23-5",1309,="26-4",1975,="14-1",356
Millard West (Omaha),"https://www.maxpreps.com/high-schools/millard-west-wildcats-(omaha,ne)/basketball/rankings.htm",54.8666666666667,,="19-6",145,="15-10",2790,="15-11",1776,="5-8",7535,,="19-7",1108,="23-6",1061,="17-8",2977,="4-9",7720
Minden,"https://www.maxpreps.com/high-schools/minden-whippets-(minden,ne)/basketball/rankings.htm",117.766666666667,,="7-17",10732,="8-14",9999,="5-18",12936,="7-6",6994,,="22-3",1006,="18-7",3859,="20-8",4046,="5-9",11678
Mount Michael Benedictine (Elkhorn),"https://www.maxpreps.com/high-schools/mount-michael-benedictine-knights-(elkhorn,ne)/basketball/rankings.htm",56.1333333333333,,="13-10",3109,="8-16",7911,="12-14",4800,="11-4",2389,, ,, ,, ,, ,
Nebraska Christian (Central City),"https://www.maxpreps.com/high-schools/nebraska-christian-eagles-(central-city,ne)/basketball/rankings.htm",84.3666666666667,,="8-16",16466,="12-9",9363,="11-12",13683,="9-8",10041,,="19-6",5019,="18-5",5131,="15-7",7843,="10-9",10390
Nebraska City,"https://www.maxpreps.com/high-schools/nebraska-city-pioneers-(nebraska-city,ne)/basketball/rankings.htm",59.55,,="6-16",7667,="2-19",12887,="5-18",10832,="1-14",14493,,="7-14",8077,="6-16",9818,="2-20",14396,="4-11",10552
Nebraska Lutheran (Waco),"https://www.maxpreps.com/high-schools/nebraska-lutheran-knights-(waco,ne)/basketball/rankings.htm",42.7833333333333,,="7-15",17477,="10-13",13972,="19-6",8976,="12-3",7498,,="11-11",10723,="15-8",10250,="9-11",12626,="10-5",9738
Norfolk,"https://www.maxpreps.com/high-schools/norfolk-panthers-(norfolk,ne)/basketball/rankings.htm",129.116666666667,,="25-1",123,="17-9",2116,="23-4",367,="7-8",5634,,="15-14",3035,="13-11",5635,="11-12",7830,="10-5",3828
Norfolk Catholic (Norfolk),"https://www.maxpreps.com/high-schools/norfolk-catholic-knights-(norfolk,ne)/basketball/rankings.htm",129.116666666667,,="15-14",4117,="9-16",6091,="5-18",10767,="4-11",10438,,="21-7",607,="11-11",3706,="4-18",10063,="7-8",4948
Norris (Firth),"https://www.maxpreps.com/high-schools/norris-titans-(firth,ne)/basketball/rankings.htm",30.8666666666667,,="6-17",6727,="9-13",6169,="12-12",3299,="8-7",3533,,="18-7",817,="14-7",1903,="19-7",1080,="5-8",5378
North Bend Central (North Bend),"https://www.maxpreps.com/high-schools/north-bend-central-tigers-(north-bend,ne)/basketball/rankings.htm",58.2,,="7-17",11979,="22-2",2808,="19-5",3503,="11-2",1977,,="12-12",6820,="17-5",3274,="17-6",3005,="12-3",1897
North Star (Lincoln),"https://www.maxpreps.com/high-schools/north-star-navigators-(lincoln,ne)/basketball/rankings.htm",0,,="11-13",1920,="14-12",5466,="3-21",10978,="8-7",6153,,="6-18",6978,="4-21",11000,="1-23",14642,="1-14",13515
Northwest (Grand Island),"https://www.maxpreps.com/high-schools/northwest-vikings-(grand-island,ne)/basketball/rankings.htm",85.7,,="11-12",8090,="9-14",6449,="7-20",10389,="5-11",8848,,="11-13",5739,="11-13",6229,="15-7",3071,="8-7",4905
Oakland-Craig (Oakland),"https://www.maxpreps.com/high-schools/oakland-craig-knights-(oakland,ne)/basketball/rankings.htm",85.5333333333333,,="10-15",12037,="9-14",10676,="16-8",5286,="11-6",5297,,="12-13",6796,="19-7",2844,="14-7",4851,="11-6",5744
Omaha Central (Omaha),"https://www.maxpreps.com/high-schools/omaha-central-eagles-(omaha,ne)/basketball/rankings.htm",54.8666666666667,,="13-11",391,="18-7",1878,="19-6",836,="14-4",534,,="16-7",2150,="7-17",9457,="0-23",15187,="3-13",13838
Omaha Christian Academy (Omaha),"https://www.maxpreps.com/high-schools/omaha-christian-academy-eagles-(omaha,ne)/basketball/rankings.htm",54.8666666666667,,="5-18",16811,="6-17",14838,="11-9",12645,="6-4",12322,,="1-21",13696,="4-16",16140,="5-14",17226,="6-4",11993
Omaha Lightning (Omaha),"https://www.maxpreps.com/high-schools/omaha-lightning-(omaha,ne)/basketball/rankings.htm",54.8666666666667,,="3-7",13498, ,, ,,="4-6",11259,, ,, ,, ,, ,
Omaha Nation (Macy),"https://www.maxpreps.com/high-schools/omaha-nation-chiefs-(macy,ne)/basketball/rankings.htm",119.7,,="17-9",13251,="11-11",11542,="12-9",10568,="11-5",9794,,="21-7",6905,="22-4",6032,="15-6",9443,="12-3",5827
Omaha North (Omaha),"https://www.maxpreps.com/high-schools/omaha-north-vikings-(omaha,ne)/basketball/rankings.htm",54.8666666666667,,="23-4",135,="10-13",5407,="16-9",2121,="2-13",11838,,="6-18",7217,="8-15",8695,="17-7",3914,="6-7",6172
Omaha Northwest (Omaha),"https://www.maxpreps.com/high-schools/omaha-northwest-huskies-(omaha,ne)/basketball/rankings.htm",54.8666666666667,,="3-20",4164,="8-16",8343,="4-19",9816,="2-13",14141,,="4-20",8128,="15-9",3814,="19-9",3198,="10-6",4654
Omaha Roadrunners (Omaha),"https://www.maxpreps.com/high-schools/omaha-roadrunners-roadrunners-(omaha,ne)/basketball/rankings.htm",54.8666666666667,,="25-8",7719,="17-13",9833,="23-9",6454,="8-5",9339,, ,, ,, ,, ,
Omaha South (Omaha),"https://www.maxpreps.com/high-schools/omaha-south-packers-(omaha,ne)/basketball/rankings.htm",54.8666666666667,,="23-4",34,="28-1",179,="18-7",1055,="4-10",9200,,="2-22",9696,="6-17",9822,="5-18",12056,="3-12",11523
Omaha Westside (Omaha),"https://www.maxpreps.com/high-schools/omaha-westside-warriors-(omaha,ne)/basketball/rankings.htm",54.8666666666667,,="12-12",540,="13-10",3982,="6-17",8268,="6-9",5581,,="26-4",363,="18-6",2268,="22-4",2001,="16-2",177
Osceola,"https://www.maxpreps.com/high-schools/osceola-bulldogs-(osceola,ne)/basketball/rankings.htm",72.5,,="11-11",12398,="15-11",10592,="8-15",16881,="2-14",17715,,="10-14",9511,="12-14",9480,="12-11",9223,="0-15",17057
Overton,"https://www.maxpreps.com/high-schools/overton-eagles-(overton,ne)/basketball/rankings.htm",132.366666666667,,="9-13",13757,="8-15",14374,="14-8",10578,="11-4",7045,,="5-17",12355,="9-14",11980,="10-14",12765,="13-3",4489
Palmer,"https://www.maxpreps.com/high-schools/palmer-tigers-(palmer,ne)/basketball/rankings.htm",105.783333333333,,="2-20",18782,="8-13",14179,="9-14",15164,="5-8",15930,,="0-21",13263,="2-18",15751,="5-17",16081,="3-11",15981
Palmyra,"https://www.maxpreps.com/high-schools/palmyra-panthers-(palmyra,ne)/basketball/rankings.htm",28.7333333333333,,="14-9",11055,="4-19",13906,="7-13",13633,="9-5",6146,,="2-20",13266,="0-20",16150,="3-17",17311,="1-14",16866
Papillion-LaVista (Papillion),"https://www.maxpreps.com/high-schools/papillion-lavista-monarchs-(papillion,ne)/basketball/rankings.htm",46.5333333333333,,="15-9",635,="22-5",985,="24-5",346,="8-7",6739,,="14-9",2464,="12-11",5436,="11-13",6646,="14-2",1415
Papillion-LaVista South (Papillion),"https://www.maxpreps.com/high-schools/papillion-lavista-south-titans-(papillion,ne)/basketball/rankings.htm",46.5333333333333,,="14-11",942,="9-14",7056,="9-14",5521,="7-6",4206,,="15-9",2769,="19-7",1850,="16-8",3500,="6-7",5255
Parkview Christian (Lincoln),"https://www.maxpreps.com/high-schools/parkview-christian-patriots-(lincoln,ne)/basketball/rankings.htm",0,,="11-13",11518,="20-7",5233,="22-5",3760,="7-6",9219,,="0-18",13707,="4-16",16161,="1-18",18167,="2-12",17605
Pawnee City,"https://www.maxpreps.com/high-schools/pawnee-city-indians-(pawnee-city,ne)/basketball/rankings.htm",87.2833333333333,,="12-13",12094,="13-12",10139,="7-17",15777,="7-9",10571,,="12-11",9015,="11-13",11121,="11-10",9322,="3-14",15617
Pender,"https://www.maxpreps.com/high-schools/pender-pendragons-(pender,ne)/basketball/rankings.htm",113.483333333333,,="1-24",18980,="3-20",16700,="5-18",16721,="6-11",13909,,="14-11",4616,="13-12",4129,="18-9",3849,="8-10",9048
Pierce,"https://www.maxpreps.com/high-schools/pierce-bluejays-(pierce,ne)/basketball/rankings.htm",144.683333333333,,="17-8",5219,="20-6",1969,="9-14",8366,="5-9",8228,,="22-6",498,="23-5",800,="18-8",1954,="10-7",4982
Pius X (Lincoln),"https://www.maxpreps.com/high-schools/pius-x-thunderbolts-(lincoln,ne)/basketball/rankings.htm",0,,="8-14",5758,="15-8",2512,="20-4",847,="10-5",2530,,="22-2",157,="15-9",2362,="16-8",2134,="9-5",2224
Platteview (Springfield),"https://www.maxpreps.com/high-schools/platteview-trojans-(springfield,ne)/basketball/rankings.htm",41.7166666666667,,="13-11",7751,="16-9",3946,="21-5",1184,="13-2",655,,="21-5",2428,="25-1",847,="19-6",3045,="13-3",1632
Plattsmouth,"https://www.maxpreps.com/high-schools/plattsmouth-blue-devils-(plattsmouth,ne)/basketball/rankings.htm",58.3833333333333,,="16-11",3391,="2-21",14465,="1-21",14588,="4-9",12060,,="11-11",5196,="10-14",7686,="7-15",10654,="3-11",13270
Pleasanton,"https://www.maxpreps.com/high-schools/pleasanton-bulldogs-(pleasanton,ne)/basketball/rankings.htm",134.666666666667,,="9-13",14165,="4-18",16941,="7-15",15908,="2-11",15442,,="10-12",10438,="10-9",11227,="13-8",9180,="15-1",2635
Ralston,"https://www.maxpreps.com/high-schools/ralston-rams-(ralston,ne)/basketball/rankings.htm",49.0833333333333,,="7-18",5627,="8-16",7530,="6-19",9347,="1-14",13544,,="3-19",10490,="9-13",7962,="2-22",14210,="1-15",14806
Ravenna,"https://www.maxpreps.com/high-schools/ravenna-bluejays-(ravenna,ne)/basketball/rankings.htm",116.666666666667,,="15-9",7956,="1-20",17307,="7-15",14414,="11-3",3050,,="11-12",7095,="18-8",4200,="23-5",1393,="13-3",2151
Raymond Central (Raymond),"https://www.maxpreps.com/high-schools/raymond-central-mustangs-(raymond,ne)/basketball/rankings.htm",16.9833333333333,,="0-23",16712,="1-22",15766,="2-21",15633,="2-12",15840,,="16-9",6239,="15-10",6122,="11-12",6756,="6-9",9181
Red Cloud,"https://www.maxpreps.com/high-schools/red-cloud-warriors-(red-cloud,ne)/basketball/rankings.htm",137.8,,="11-11",15896,="1-18",17895,="1-18",19352,="2-11",18418,,="13-10",8357,="10-10",11801,="20-4",6217,="12-2",6324
Riverside (Cedar Rapids),"https://www.maxpreps.com/high-schools/riverside-chargers-(cedar-rapids,ne)/basketball/rankings.htm",128.133333333333,,="21-8",7035,="23-4",1970,="24-5",4253,="15-2",2175,,="7-17",10958,="11-12",9183,="9-16",11942,="7-10",9530
Roncalli Catholic (Omaha),"https://www.maxpreps.com/high-schools/roncalli-catholic-crimson-pride-(omaha,ne)/basketball/rankings.htm",54.8666666666667,,="15-12",4966,="15-10",4646,="16-8",3155,="11-3",796,,="12-13",6624,="10-14",8315,="12-12",7603,="6-9",9977
Sacred Heart (Falls City),"https://www.maxpreps.com/high-schools/sacred-heart-irish-(falls-city,ne)/basketball/rankings.htm",115.35,,="20-7",8490,="12-9",6514,="18-7",5152,="14-1",779,,="28-2",1288,="26-2",995,="28-1",960,="16-0",1037
Sandy Creek (Fairfield),"https://www.maxpreps.com/high-schools/sandy-creek-cougars-(fairfield,ne)/basketball/rankings.htm",97.4,,="10-15",11690,="8-13",12276,="7-17",14364,="1-14",17439,,="13-11",5986,="15-9",6187,="10-13",9590,="6-10",9349
Schuyler,"https://www.maxpreps.com/high-schools/schuyler-warriors-(schuyler,ne)/basketball/rankings.htm",74.5,,="2-22",15385,="4-19",12998,="6-17",11926,="3-11",13122,,="1-22",12383,="3-20",13187,="2-21",15342,="1-15",16242
Scotus (Columbus),"https://www.maxpreps.com/high-schools/scotus-shamrocks-(columbus,ne)/basketball/rankings.htm",82.1333333333333,,="22-6",1188,="24-4",334,="24-4",795,="4-10",10014,,="9-13",6206,="13-9",4512,="16-8",1926,="12-4",886
Seward,"https://www.maxpreps.com/high-schools/seward-bluejays-(seward,ne)/basketball/rankings.htm",27.15,,="18-6",1874,="11-13",5515,="12-11",4551,="9-5",1838,,="9-16",6234,="14-9",2651,="19-7",1536,="11-3",935
Shelby-Rising City (Shelby),"https://www.maxpreps.com/high-schools/shelby-rising-city-huskies-(shelby,ne)/basketball/rankings.htm",64.7333333333333,,="9-14",13617,="10-12",12165,="7-16",16095,="7-9",12183,,="14-10",7063,="16-9",6750,="11-12",10107,="6-11",11207
Shelton,"https://www.maxpreps.com/high-schools/shelton-bulldogs-(shelton,ne)/basketball/rankings.htm",97.5666666666667,,="2-18",18410,="5-16",16739,="2-18",18831,="3-12",16353,,="0-20",13611,="0-20",16398,="2-19",17528,="0-14",17044
Silver Lake (Roseland),"https://www.maxpreps.com/high-schools/silver-lake-mustangs-(roseland,ne)/basketball/rankings.htm",114.066666666667,,="8-13",15746,="4-18",17271,="6-15",18139,="3-10",17795,,="15-9",6922,="11-12",11286,="2-19",17801,="3-10",16098
Skutt Catholic (Omaha),"https://www.maxpreps.com/high-schools/skutt-catholic-skyhawks-(omaha,ne)/basketball/rankings.htm",54.8666666666667,,="16-8",1350,="21-5",545,="19-8",1577,="13-3",830,,="14-10",3058,="15-8",2677,="16-9",3457,="7-9",7531
South Sioux City,"https://www.maxpreps.com/high-schools/south-sioux-city-cardinals-(south-sioux-city,ne)/basketball/rankings.htm",136.183333333333,,="16-10",1376,="4-18",10421,="3-20",10840,="3-12",12116,,="20-5",829,="23-2",820,="26-2",401,="13-4",2295
Southern (Wymore),"https://www.maxpreps.com/high-schools/southern-raiders-(wymore,ne)/basketball/rankings.htm",60.8,,="10-11",12133,="4-19",15879,="13-12",12175,="9-7",8202,,="8-15",11120,="9-15",13048,="11-13",12295,="8-8",11713
Spalding Academy (Spalding),"https://www.maxpreps.com/high-schools/spalding-academy-shamrocks-(spalding,ne)/basketball/rankings.htm",145.65,,="16-5",8013,="3-17",16262,="11-9",11734,="4-8",17390,,="9-12",8705,="15-6",4677,="18-4",4080,="6-5",11228
St. Cecilia (Hastings),"https://www.maxpreps.com/high-schools/st-cecilia-bluehawks-(hastings,ne)/basketball/rankings.htm",94.05,,="29-1",550,="22-4",248,="23-6",1066,="11-3",2010,,="23-4",499,="20-6",1006,="17-7",1418,="13-1",382
St. Edward,"https://www.maxpreps.com/high-schools/st-edward-beavers-(st-edward,ne)/basketball/rankings.htm",110.1,,="3-20",18719,="5-14",15648,="7-13",16497,="1-11",18745,,="11-13",9979,="5-14",14506,="1-19",17698,="1-11",17554
St. Francis (Humphrey),"https://www.maxpreps.com/high-schools/st-francis-flyers-(humphrey,ne)/basketball/rankings.htm",105.866666666667,,="23-5",4553,="26-2",1122,="21-7",5550,="12-5",6233,,="21-6",3107,="14-11",6390,="14-13",7852,="16-2",2459
St. Paul,"https://www.maxpreps.com/high-schools/st-paul-wildcats-(st-paul,ne)/basketball/rankings.htm",110.6,,="4-17",12153,="5-16",14846,="10-11",9670,="13-4",3592,,="9-15",7051,="4-18",12651,="16-10",4219,="6-11",10720
Stanton,"https://www.maxpreps.com/high-schools/stanton-mustangs-(stanton,ne)/basketball/rankings.htm",119.616666666667,,="22-4",5644,="18-7",5117,="7-15",13816,="2-15",15767,,="23-2",1469,="19-8",3235,="19-5",2666,="16-1",1357
Sterling,"https://www.maxpreps.com/high-schools/sterling-jets-(sterling,ne)/basketball/rankings.htm",49.1166666666667,,="10-11",13800,="18-6",6427,="15-10",11125,="9-7",10417,,="19-7",3959,="22-4",3243,="5-19",16154,="10-7",9584
Sumner-Eddyville-Miller (Sumner),"https://www.maxpreps.com/high-schools/sumner-eddyville-miller-mustangs-(sumner,ne)/basketball/rankings.htm",144.316666666667,,="6-13",16541,="16-6",7865,="19-2",4428,="3-8",17086,,="6-13",12364,="5-14",15096,="3-16",16851,="3-11",15236
Superior,"https://www.maxpreps.com/high-schools/superior-wildcats-(superior,ne)/basketball/rankings.htm",127.166666666667,,="6-16",16512,="8-15",14457,="7-14",15962,="2-13",17311,,="19-4",3610,="25-4",2952,="19-5",3918,="15-1",1248
Sutton,"https://www.maxpreps.com/high-schools/sutton-mustangs-(sutton,ne)/basketball/rankings.htm",72.05,,="16-10",8926,="12-12",9120,="15-8",5964,="10-5",4132,,="23-6",1930,="17-6",2914,="12-12",7992,="1-15",13854
Syracuse,"https://www.maxpreps.com/high-schools/syracuse-rockets-(syracuse,ne)/basketball/rankings.htm",41.5833333333333,,="8-16",9630,="17-8",3813,="16-9",4231,="8-6",6047,,="7-16",11293,="7-16",12239,="9-15",10262,="8-6",6682
Tekamah-Herman (Tekamah),"https://www.maxpreps.com/high-schools/tekamah-herman-tigers-(tekamah,ne)/basketball/rankings.htm",91.9666666666667,,="3-20",16662,="2-20",16404,="0-19",18263,="0-14",18115,,="15-11",5542,="13-10",5629,="5-18",12700,="6-13",12571
Thayer Central (Hebron),"https://www.maxpreps.com/high-schools/thayer-central-titans-(hebron,ne)/basketball/rankings.htm",90.15,,="9-13",13030,="5-17",15252,="4-18",16631,="3-11",16389,,="0-21",13252,="0-20",15532,="4-17",15125,="5-11",11677
Tri County (DeWitt),"https://www.maxpreps.com/high-schools/tri-county-trojans-(dewitt,ne)/basketball/rankings.htm",54.35,,="8-14",13973,="5-17",15664,="9-14",14539,="11-4",3905,,="8-16",11179,="11-13",10325,="11-13",10284,="7-8",9222
Twin River (Genoa),"https://www.maxpreps.com/high-schools/twin-river-titans-(genoa,ne)/basketball/rankings.htm",95.8166666666667,,="21-8",5527,="20-7",3320,="17-8",5647,="5-11",12467,,="19-7",3766,="13-12",7255,="18-7",4548,="12-5",5143
Wahoo,"https://www.maxpreps.com/high-schools/wahoo-warriors-(wahoo,ne)/basketball/rankings.htm",32.2666666666667,,="19-7",2659,="15-9",3404,="22-6",1234,="13-1",339,,="16-9",3234,="11-14",6203,="17-7",2253,="14-2",827
Wakefield,"https://www.maxpreps.com/high-schools/wakefield-trojans-(wakefield,ne)/basketball/rankings.htm",136.4,,="9-14",14494,="6-16",13547,="14-10",8854,="10-6",7696,,="4-19",10617,="2-20",14399,="6-16",14216,="5-11",13639
Walthill,"https://www.maxpreps.com/high-schools/walthill-blujays-(walthill,ne)/basketball/rankings.htm",109.333333333333,,="15-7",12371,="22-4",3036,="18-4",5766,="11-3",7774,,="3-16",13069,="5-12",14390,="7-11",15696,="7-5",11675
Waverly,"https://www.maxpreps.com/high-schools/waverly-vikings-(waverly,ne)/basketball/rankings.htm",17.15,,="11-11",3696,="10-12",5030,="8-13",5558,="6-8",5054,,="17-8",1529,="18-7",1064,="13-8",2280,="9-6",1982
Wayne,"https://www.maxpreps.com/high-schools/wayne-blue-devils-(wayne,ne)/basketball/rankings.htm",133.9,,="15-10",6084,="8-18",9889,="19-8",3322,="10-8",5131,,="14-10",2842,="16-11",2739,="18-7",2294,="12-7",3905
Weeping Water,"https://www.maxpreps.com/high-schools/weeping-water-indians-(weeping-water,ne)/basketball/rankings.htm",38.7166666666667,,="3-21",16676,="7-17",13937,="3-20",17626,="3-12",16215,,="10-14",10635,="8-16",13928,="15-10",8753,="12-5",6081
West Point-Beemer (West Point),"https://www.maxpreps.com/high-schools/west-point-beemer-cadets-(west-point,ne)/basketball/rankings.htm",91.7666666666667,,="13-12",8764,="9-16",10723,="12-14",8838,="10-6",5112,,="24-4",1471,="22-5",1691,="8-17",9423,="14-4",3022
Wilber-Clatonia (Wilber),"https://www.maxpreps.com/high-schools/wilber-clatonia-wolverines-(wilber,ne)/basketball/rankings.htm",45.4166666666667,,="14-9",8183,="16-7",5554,="6-16",15560,="6-9",13194,,="11-11",9477,="10-12",10933,="8-14",12528,="1-15",15539
Wilcox-Hildreth (Wilcox),"https://www.maxpreps.com/high-schools/wilcox-hildreth-falcons-(wilcox,ne)/basketball/rankings.htm",135.466666666667,,="24-3",7908,="14-9",11066,="15-11",12499,="11-4",6720,,="12-9",9867,="12-14",12523,="5-17",17115,="9-7",10933
Winnebago,"https://www.maxpreps.com/high-schools/winnebago-indians-(winnebago,ne)/basketball/rankings.htm",115.433333333333,,="27-1",506,="31-1",520,="28-3",627,="13-2",806,,="11-9",3842,="8-17",9497,="6-18",13388,="7-8",8848
Winside,"https://www.maxpreps.com/high-schools/winside-wildcats-(winside,ne)/basketball/rankings.htm",149.25,,="0-21",19301,="3-17",16954,="9-12",14410,="10-6",10476,,="2-19",12761,="2-18",14774,="2-19",17081,="1-14",17268
Wisner-Pilger (Wisner),"https://www.maxpreps.com/high-schools/wisner-pilger-gators-(wisner,ne)/basketball/rankings.htm",108.933333333333,,="16-11",7625,="9-15",10797,="12-13",9763,="12-4",3638,,="10-15",7621,="13-10",4669,="9-14",8525,="6-11",10622
Wood River,"https://www.maxpreps.com/high-schools/wood-river-eagles-(wood-river,ne)/basketball/rankings.htm",90.8166666666667,,="21-5",4278,="8-14",13293,="2-18",17875,="6-10",11464,,="9-15",8859,="8-15",10170,="11-11",6667,="12-6",5810
York,"https://www.maxpreps.com/high-schools/york-dukes-(york,ne)/basketball/rankings.htm",47.5666666666667,,="13-12",4782,="17-8",1931,="15-9",2392,="15-0",115,,="22-5",1085,="22-4",909,="23-4",938,="10-5",2531
Yutan,"https://www.maxpreps.com/high-schools/yutan-chieftains-(yutan,ne)/basketball/rankings.htm",47.5333333333333,,="12-13",10255,="15-10",5434,="18-8",4641,="13-1",1834,,="24-3",3041,="21-6",5869,="12-12",10555,="9-7",7578
A-H-S-T (Avoca),"https://www.maxpreps.com/high-schools/a-h-s-t-vikings-(avoca,ia)/basketball/rankings.htm",91.8166666666667,,="10-11",11131, ,,="20-4",4657,="7-4",5388,,="5-12",10539, ,, ,,="4-7",9040
Ar-We-Va (Westside),"https://www.maxpreps.com/high-schools/ar-we-va-rockets-(westside,ia)/basketball/rankings.htm",146.416666666667,,="18-1",7295, ,,="26-1",2753,="9-2",4432,,="7-14",11279,="13-8",8154,="2-20",16862,="8-9",10219
Atlantic,"https://www.maxpreps.com/high-schools/atlantic-trojans-(atlantic,ia)/basketball/rankings.htm",111.983333333333,,="12-10",5069,="22-6",2335,="24-7",3026,="8-7",5326,,="10-14",6127,="13-9",5495,="2-19",15132,="1-12",13565
Audubon,"https://www.maxpreps.com/high-schools/audubon-wheelers-(audubon,ia)/basketball/rankings.htm",126.05,,="8-12",12577,="21-11",6599,="11-11",11216,="8-7",10121,,="14-9",5652,="14-8",6450,="11-11",9238,="1-14",15593
Bedford,"https://www.maxpreps.com/high-schools/bedford-bulldogs-(bedford,ia)/basketball/rankings.htm",136.516666666667,,="14-7",11363,="17-5",5225,="9-14",13745,="12-1",5566,,="19-6",5515,="17-5",6783,="3-20",17103,="2-11-1",16368
Bishop Heelan Catholic (Sioux City),"https://www.maxpreps.com/high-schools/bishop-heelan-catholic-crusaders-(sioux-city,ia)/basketball/rankings.htm",137.983333333333,,="9-12",4092,="16-12",3318,="17-7",1176,="8-4",1649,,="34-6",850,="11-12",5317,="13-10",3393,="9-4",1619
Boyer Valley (Dunlap),"https://www.maxpreps.com/high-schools/boyer-valley-bulldogs-(dunlap,ia)/basketball/rankings.htm",108.683333333333,,="16-7",12125,="16-7",10237,="14-8",8368,="9-2",3741,,="6-16",11906,="13-10",9042,="17-5",6837,="14-2",4549
CAM (Anita),"https://www.maxpreps.com/high-schools/cam-cougars-(anita,ia)/basketball/rankings.htm",119.866666666667,,="2-18",18994,="3-7",14470,="16-7",7591,="9-2",5666,,="10-12",10208,="11-12",10200,="16-7",9023,="14-3",4879
Clarinda,"https://www.maxpreps.com/high-schools/clarinda-cardinals-(clarinda,ia)/basketball/rankings.htm",114.383333333333,,="1-19",15603,="0-28",15201,="2-20",15922,="5-9",14257,,="6-18",8543,="2-18",13609,="4-19",15083,="3-11",12373
Clarinda Academy (Clarinda),"https://www.maxpreps.com/high-schools/clarinda-academy-eagles-(clarinda,ia)/basketball/rankings.htm",114.383333333333,,="12-11",15289,="5-12",16021,="3-13",18444,="3-10",17058,,="0-17",13476,="2-8",15865, ,, ,
Clarinda/South Page (Clarinda),"https://www.maxpreps.com/high-schools/clarinda-south-page-(clarinda,ia)/basketball/rankings.htm",114.383333333333,, ,, ,,="3-14",15592,="4-5",13323,, ,, ,, ,, ,
Denison-Schleswig (Denison),"https://www.maxpreps.com/high-schools/denison-schleswig-monarchs-(denison,ia)/basketball/rankings.htm",129.6,,="19-5",2775,="6-21",10936,="8-17",9439,="7-6",6938,,="6-17",8176,="7-12",9083,="20-6",4180,="10-4",3530
Earlham,"https://www.maxpreps.com/high-schools/earlham-cardinals-(earlham,ia)/basketball/rankings.htm",147.433333333333,,="23-3",3101,="10-9",11596,="16-6",6533,="6-4",4729,,="5-19",11255,="0-20-1",15367,="8-14",12714,="10-4",5194
East Mills (Malvern),"https://www.maxpreps.com/high-schools/east-mills-(malvern,ia)/basketball/rankings.htm",78.2333333333333,,="14-6",12985,="8-12",14582,="14-7",13244,="7-7",13383,,="7-13",11850,="6-15",13973,="4-10",15760,="5-7",14797
Essex,"https://www.maxpreps.com/high-schools/essex-trojans-(essex,ia)/basketball/rankings.htm",103.65,,="5-13",18221,="11-9",12100,="5-15",17612,="0-12",18544,,="18-8",8135,="18-1",4495,="18-6",9151,="3-11",15666
Exira-EHK (Elk Horn),"https://www.maxpreps.com/high-schools/exira-ehk-spartans-(elk-horn,ia)/basketball/rankings.htm",109.933333333333,,="11-8",15869, ,,="19-7",5919,="8-5",8429,,="23-1",1595,="21-1",2612,="23-2",3147,="14-1",3208
Fremont-Mills (Tabor),"https://www.maxpreps.com/high-schools/fremont-mills-knights-(tabor,ia)/basketball/rankings.htm",81.7,,="18-5",11993,="10-8",10389,="17-6",7866,="9-4",10736,,="24-4",4266,="12-10",9970,="7-15",14098,="9-4",10593
Glenwood,"https://www.maxpreps.com/high-schools/glenwood-rams-(glenwood,ia)/basketball/rankings.htm",69.4166666666667,,="12-13",6879,="22-7",2674,="21-7",2968,="12-1",1498,,="9-17",5766,="12-8",4913,="5-17",13396,="4-10",9633
Griswold,"https://www.maxpreps.com/high-schools/griswold-tigers-(griswold,ia)/basketball/rankings.htm",101.25,,="9-11",11227,="5-16",14755,="0-21",18401,="2-12",16271,,="1-10",11453,="8-13",10943,="6-17",13666,="6-10",11822
Harlan,"https://www.maxpreps.com/high-schools/harlan-cyclones-(harlan,ia)/basketball/rankings.htm",102.733333333333,,="17-7",3161,="28-5",1207,="12-12",5760,="10-2",2019,, ,,="19-3",1259,="10-12",8446,="7-6",4762
Heartland Christian (Council Bluffs),"https://www.maxpreps.com/high-schools/heartland-christian-(council-bluffs,ia)/basketball/rankings.htm",60.9166666666667,,="3-17",18692,="0-10",17779,="2-19",19038,="1-10",18517,,="2-17",13510,="0-20",16487,="2-15",17681,="2-10",17452
Hinton,"https://www.maxpreps.com/high-schools/hinton-blackhawks-(hinton,ia)/basketball/rankings.htm",147.866666666667,,="15-6",5843,="15-9",6963,="19-5",4978,="3-10",16639,,="17-9",3337,="12-10",7883,="11-14",10326,="5-11",12504
IKM/Manning (Manning),"https://www.maxpreps.com/high-schools/ikm-manning-wolves-(manning,ia)/basketball/rankings.htm",138.05,,="21-3",2889,="14-5",5094,="16-7",6965,="7-5",7747,,="24-4",1650,="15-6",4646,="21-5",3355,="12-3",3814
Jefferson (Council Bluffs),"https://www.maxpreps.com/high-schools/jefferson-yellowjackets-(council-bluffs,ia)/basketball/rankings.htm",60.9166666666667,,="2-20",14126,="1-25",13971,="3-23",12051,="3-10",13138,,="4-24",11497,="2-23",13820,="4-19",12517,="10-4",4233
Lawton-Bronson (Lawton),"https://www.maxpreps.com/high-schools/lawton-bronson-eagles-(lawton,ia)/basketball/rankings.htm",144.55,,="14-11",10847,="12-8",7562,="8-17",13977,="5-9",14569,,="15-12",4896,="16-5",2228,="6-18",11650,="4-11",11244
Lenox,"https://www.maxpreps.com/high-schools/lenox-tigers-(lenox,ia)/basketball/rankings.htm",143.3,,="12-10",14855,="19-4",6193,="8-15",14773,="3-11",17212,,="3-18",13067,="4-15",15467,="3-17",17320,="3-11",15359
Lewis Central (Council Bluffs),"https://www.maxpreps.com/high-schools/lewis-central-titans-(council-bluffs,ia)/basketball/rankings.htm",60.9166666666667,,="11-12",4972,="16-12",4442,="18-6",1985,="7-7",5497,,="23-6",1074,="18-2",1258,="24-2",1170,="15-0",326
Lincoln (Council Bluffs),"https://www.maxpreps.com/high-schools/lincoln-lynx-(council-bluffs,ia)/basketball/rankings.htm",60.9166666666667,,="18-4",1344,="28-8",1362,="19-4",692,="8-7",4418,,="6-20",9201,="6-16",10470,="11-12",8413,="8-6",4429
Logan-Magnolia (Logan),"https://www.maxpreps.com/high-schools/logan-magnolia-panthers-(logan,ia)/basketball/rankings.htm",86.7166666666667,,="2-18",16518,="11-13",11904,="14-10",10303,="10-4",6039,,="24-7",3400,="17-5",4281,="21-4",2079,="14-2",1908
Missouri Valley,"https://www.maxpreps.com/high-schools/missouri-valley-big-reds-(missouri-valley,ia)/basketball/rankings.htm",78.1,,="9-12",10784,="6-12",12914,="5-17",16091,="2-12",16595,,="9-13",8382,="2-19",14685,="3-18",14443,="3-13",14851
Nodaway Valley (Greenfield),"https://www.maxpreps.com/high-schools/nodaway-valley-wolverines-(greenfield,ia)/basketball/rankings.htm",144.716666666667,,="19-6",7662,="14-8",6223,="13-8",9277,="7-8",12831,,="20-4",5073,="17-5",5862,="18-5",6533,="12-4",6344
North Mahaska (New Sharon),"https://www.maxpreps.com/high-schools/north-mahaska-warhawks-(new-sharon,ia)/basketball/rankings.htm",127.8,,="5-16",18376,="5-5",13344,="11-10",13882,="2-10",17665,,="4-19",12286,="2-18",16352,="17-7",7428,="16-0",2617
Red Oak,"https://www.maxpreps.com/high-schools/red-oak-tigers-(red-oak,ia)/basketball/rankings.htm",97.2833333333333,,="6-16",13521,="7-21",12358,="2-22",16509,="3-12",15782,,="21-5",1680,="4-17",11831,="18-5",4727,="10-3",2227
Riverside (Oakland),"https://www.maxpreps.com/high-schools/riverside-bulldogs-(oakland,ia)/basketball/rankings.htm",86.2333333333333,,="1-20",17526,="1-17",16707,="4-18",17133,="2-11",16833,,="3-24",12575,="0-20",15617,="2-22",15836,="3-12",15146
Sergeant Bluff-Luton (Sergeant Bluff),"https://www.maxpreps.com/high-schools/sergeant-bluff-luton-warriors-(sergeant-bluff,ia)/basketball/rankings.htm",130.05,,="11-12",5227,="11-11",4308,="18-10",1500,="6-9",6291,,="11-12",5663,="13-9",4421,="13-10",4355,="10-5",1504
Shenandoah,"https://www.maxpreps.com/high-schools/shenandoah-mustangs-(shenandoah,ia)/basketball/rankings.htm",96.6333333333333,,="13-9",7601,="16-12",6713,="9-14",12196,="2-13",16743,,="20-5",1327,="15-8",5002,="20-3",3055,="9-4",3589
Sidney,"https://www.maxpreps.com/high-schools/sidney-cowboys-(sidney,ia)/basketball/rankings.htm",78.3,,="16-6",14119,="12-7",10923,="12-10",13087,="8-5",11154,,="12-9",9829,="18-3",6610,="23-2",4145,="11-3",7761
Sioux Center,"https://www.maxpreps.com/high-schools/sioux-center-warriors-(sioux-center,ia)/basketball/rankings.htm",138.3,,="12-11",5276,="15-8",2040,="16-9",2886,="8-3",1200,,="21-4",1199,="18-5",2888,="26-1",552,="13-2",1682
Sioux City East (Sioux City),"https://www.maxpreps.com/high-schools/sioux-city-east-black-raiders-(sioux-city,ia)/basketball/rankings.htm",137.983333333333,,="16-7",1776,="17-11",2893,="22-3",307,="12-1",340,,="12-15",3822,="6-18",8900,="8-18",7942,="1-12",10185
Sioux City North (Sioux City),"https://www.maxpreps.com/high-schools/sioux-city-north-stars-(sioux-city,ia)/basketball/rankings.htm",137.983333333333,,="14-10",939,="14-11",4816,="6-17",7563,="4-10",11333,,="9-23",7900,="5-14",9539,="5-13",9779,="1-14",13192
Sioux City West (Sioux City),"https://www.maxpreps.com/high-schools/sioux-city-west-wolverines-(sioux-city,ia)/basketball/rankings.htm",137.983333333333,,="8-14",5272,="7-15",7567,="14-10",2710,="7-6",3966,,="13-13",3526,="18-6",2096,="13-10",5779,="11-4",1859
Siouxland Christian (Sioux City),"https://www.maxpreps.com/high-schools/siouxland-christian-(sioux-city,ia)/basketball/rankings.htm",137.983333333333,,="11-9",14617,="8-8",11855,="20-4",5345,="1-14",18749,,="5-19",12514,="8-12",11543,="15-8",6806,="8-9",10350
Southwest Valley (Corning),"https://www.maxpreps.com/high-schools/southwest-valley-(corning,ia)/basketball/rankings.htm",127.25,,="4-15",17987,="6-14",13746,="15-11",10213,="6-8",13111,,="9-18",9908,="7-14",13356,="10-13",13086,="8-6",9539
St. Albert (Council Bluffs),"https://www.maxpreps.com/high-schools/st-albert-falcons-(council-bluffs,ia)/basketball/rankings.htm",60.9166666666667,,="8-15",7483,="24-12",3480,="10-12",7389,="7-5",5787,,="17-14",3351,="17-4",2637,="13-10",7392,="7-7",7668
Stanton,"https://www.maxpreps.com/high-schools/stanton-vikings-(stanton,ia)/basketball/rankings.htm",106.15,,="11-12",15105,="16-7",8048,="18-4",8813,="10-1",6617,,="10-9",10143,="8-11",12196,="16-6",10065,="7-6",14682
Treynor,"https://www.maxpreps.com/high-schools/treynor-cardinals-(treynor,ia)/basketball/rankings.htm",72.9,,="24-3",1206,="28-5",3905,="13-10",8877,="13-0",1068,,="21-11",4288,="20-2",2341,="28-1",987,="16-1",1366
Tri-Center (Neola),"https://www.maxpreps.com/high-schools/tri-center-trojans-(neola,ia)/basketball/rankings.htm",76.15,,="14-8",8755,="8-11",10562,="12-9",9485,="11-2",4552,,="18-10",5906,="13-8",7074,="9-13",10935,="6-10",12204
Underwood,"https://www.maxpreps.com/high-schools/underwood-eagles-(underwood,ia)/basketball/rankings.htm",72.3,,="13-8",7694,="7-11",11755,="17-4",5344,="8-6",9324,,="9-15",10141,="17-8",6415,="16-9",5608,="12-4",4043
West Central Valley (Stuart),"https://www.maxpreps.com/high-schools/west-central-valley-wildcats-(stuart,ia)/basketball/rankings.htm",138.316666666667,,="2-11",15912,="6-14",14840,="5-18",16759,="2-12",15202,,="12-12",7246,="11-11",9394,="10-15",12016,="7-8",11309
West Harrison (Mondamin),"https://www.maxpreps.com/high-schools/west-harrison-hawkeyes-(mondamin,ia)/basketball/rankings.htm",86.2,,="3-14",19033, ,,="4-18",17076,="1-11",18093,,="0-18",13534,="1-21",15874,="4-16",16849,="3-13",15765
West Monona (Onawa),"https://www.maxpreps.com/high-schools/west-monona-spartans-(onawa,ia)/basketball/rankings.htm",107.166666666667,,="18-5",8084,="9-11",13111,="10-14",15886,="4-9",16734,,="6-19",12247,="10-13",10729,="9-12",10492,="11-4",6573
Westwood (Sloan),"https://www.maxpreps.com/high-schools/westwood-rebels-(sloan,ia)/basketball/rankings.htm",119.383333333333,,="4-19",18170,="10-11",12001,="5-17",17104,="6-7",13872,,="13-14",8083,="16-4",3036,="18-7",4510,="13-4",3106
Whiting,"https://www.maxpreps.com/high-schools/whiting-warriors-(whiting,ia)/basketball/rankings.htm",115.966666666667,,="4-12",18150,="4-11",16357,="0-20",19287,="1-14",19015,,="3-17",13539,="7-14",15298,="9-7",14360,="2-15",17180
Woodbine,"https://www.maxpreps.com/high-schools/woodbine-tigers-(woodbine,ia)/basketball/rankings.htm",97.75,,="2-17",19317, ,,="2-20",17736,="6-7",13705,,="5-17",11761,="4-18",14440,="7-14",14971,="2-12",16796
Woodbury Central (Moville),"https://www.maxpreps.com/high-schools/woodbury-central-wildcats-(moville,ia)/basketball/rankings.htm",149.3,,="10-14",12376,="12-11",8425,="11-11",9948,="6-8",13349,,="12-9",5064,="13-9",5699,="15-9",4978,="14-4",4199